ThreadCount,min,max,avg,last,cnt,tps,bytes,bps,err,sum
50,165,165,165,165,1,3,27927,87545,3,300
50,165,357,251,357,13,24,363051,681146,18,138
50,165,368,284,283,27,61,754029,1725466,27,100
50,18,464,259,338,66,127,1843182,3572058,48,72
50,18,464,217,49,85,85,2373795,2395353,48,56
50,18,464,158,20,126,95,3518802,2663741,48,38
50,14,464,141,18,145,73,4049415,2045159,48,33
50,14,464,129,58,163,89,4552101,2501154,48,29
50,14,464,116,85,201,92,5613327,2580840,48,23
50,14,464,108,17,221,81,6171867,2281651,48,21
50,14,464,104,45,238,93,6646626,2597352,48,20
50,14,464,98,43,258,82,7205166,2301234,48,18
50,14,464,93,23,287,101,8015049,2832172,48,16
50,14,464,91,157,303,85,8461881,2397812,48,15
50,13,464,89,34,322,98,8992494,2746638,48,14
50,13,464,86,43,342,87,9551034,2440846,48,14
50,13,464,81,42,381,88,10640187,2480808,48,12
50,13,464,78,39,412,86,11505924,2414167,48,11
50,13,464,77,16,429,94,11980683,2638335,48,11
50,13,464,75,42,448,83,12511296,2321635,48,10
50,13,464,74,42,488,84,13628376,2356627,51,10
50,13,464,73,45,506,80,14131062,2249810,51,10
50,13,464,71,16,533,87,14885091,2437781,51,9
50,13,464,70,42,553,81,15443631,2275472,51,9
50,13,464,70,47,572,87,15974244,2443665,51,8
50,13,464,69,43,592,82,16532784,2304541,51,8
50,12,464,67,24,631,83,17621937,2341163,51,8
50,12,464,66,42,649,88,18124623,2458576,51,7
50,12,464,65,35,666,83,18599382,2323180,51,7
50,12,464,64,29,695,90,19409265,2537490,51,7
50,12,464,63,52,715,85,19967805,2383646,51,7
50,12,464,63,61,735,83,20526345,2324351,51,6
50,12,464,62,26,753,86,21029031,2419911,51,6
50,12,464,61,29,792,87,22118184,2452398,51,6
50,12,464,60,27,814,85,22732578,2386622,51,6
50,12,464,60,28,823,86,22983921,2426255,51,6
50,12,464,60,97,843,82,23542461,2316487,52,6
50,12,464,60,31,859,87,23989293,2448136,54,6
50,12,464,59,27,881,83,24603687,2342093,54,6
50,12,464,58,19,918,84,25636986,2359810,54,5
50,12,464,58,30,939,88,26223453,2461140,54,5
50,12,464,57,17,958,85,26754066,2390036,54,5
50,12,464,57,27,978,88,27312606,2479357,54,5
50,12,464,56,45,998,85,27871146,2396075,54,5
50,12,464,56,41,1019,90,28457613,2515923,54,5
50,12,464,56,82,1061,85,29630547,2383601,54,5
50,12,464,56,40,1081,84,30189087,2367028,54,4
50,12,464,56,36,1102,87,30775554,2430544,54,4
50,12,464,56,42,1131,86,31585437,2420340,54,4
50,12,464,56,35,1151,89,32143977,2501282,54,4
50,12,464,56,157,1173,87,32758371,2440102,54,4
50,12,464,56,44,1193,85,33316911,2392940,54,4
50,12,464,55,65,1235,86,34489845,2429033,54,4
50,12,464,55,44,1257,90,35104239,2517515,54,4
50,12,464,55,46,1279,89,35718633,2487543,54,4
50,12,464,55,51,1298,87,36249246,2449769,54,4
50,12,464,55,57,1320,90,36863640,2524906,54,4
50,12,464,54,53,1352,90,37757304,2536089,54,3
50,12,464,55,45,1374,89,38371698,2502393,54,3
50,12,464,54,35,1396,87,38986092,2455198,54,3
50,12,464,54,63,1416,90,39544632,2524877,54,3
50,12,464,54,67,1459,87,40745493,2455287,54,3
50,12,464,54,44,1481,90,41359887,2526566,54,3
50,12,464,54,30,1503,89,41974281,2493867,54,3
50,12,464,54,58,1525,91,42588675,2563729,54,3
50,12,464,54,65,1567,89,43761609,2487444,54,3
50,12,464,53,36,1588,91,44348076,2555348,54,3
50,12,464,53,37,1620,91,45241740,2549692,54,3
50,12,464,53,31,1642,89,45856134,2503747,54,3
50,12,464,53,92,1661,91,46386747,2562378,54,3
50,12,464,53,39,1682,90,46973214,2532794,54,3
50,12,464,53,55,1723,91,48118221,2557439,54,3
50,12,464,53,41,1744,90,48704688,2531560,54,3
50,12,464,53,50,1764,92,49263228,2585317,54,3
50,12,464,53,82,1786,91,49877622,2562425,54,3
50,12,464,53,62,1803,90,50352381,2528745,54,2
50,12,464,53,80,1827,92,51022629,2592481,54,2
50,12,464,53,55,1866,90,52111782,2519181,55,2
50,12,464,53,47,1889,92,52754103,2577142,55,2
50,12,464,53,71,1907,90,53256789,2537608,55,2
50,12,464,53,32,1928,92,53843256,2593480,55,2
50,12,464,53,36,1971,90,55044117,2536010,55,2
50,12,464,53,35,1992,92,55630584,2588432,55,2
50,12,464,53,47,2013,91,56217051,2553695,55,2
50,12,464,53,32,2042,90,57026934,2529695,55,2
50,12,464,53,55,2064,92,57641328,2592952,55,2
50,12,464,53,56,2083,90,58171941,2539704,55,2
50,12,464,53,40,2104,92,58758408,2588134,55,2
50,12,464,53,74,2145,90,59903415,2540864,55,2
50,12,464,53,68,2163,91,60406101,2555790,55,2
50,12,464,53,26,2182,93,60936714,2604466,55,2
50,12,464,53,76,2202,92,61495254,2579390,55,2
50,12,464,53,51,2237,92,62472699,2586968,55,2
50,12,464,53,50,2260,91,63115020,2550926,55,2
50,12,464,53,31,2279,93,63645633,2603199,55,2
50,12,464,53,53,2299,91,64204173,2562222,55,2
50,12,464,53,37,2321,93,64818567,2605143,55,2
50,12,464,53,45,2364,91,66019428,2558396,55,2
50,12,464,53,90,2385,93,66605895,2599660,55,2
50,12,464,53,72,2404,92,67136508,2571688,55,2
50,12,464,53,48,2444,92,68253588,2584579,55,2
50,12,464,53,35,2465,91,68840055,2568083,55,2
50,12,464,53,44,2483,93,69342741,2604324,55,2
50,12,464,53,48,2505,92,69957135,2583350,55,2
50,12,464,53,36,2528,94,70599456,2626272,55,2
50,12,464,53,41,2547,92,71130069,2593148,55,2
50,12,464,53,50,2589,93,72303003,2609557,55,2
50,12,464,52,45,2610,92,72889470,2586383,55,2
50,12,464,53,22,2629,93,73420083,2623645,55,2
50,12,464,52,34,2660,92,74285820,2573292,55,2
50,12,464,52,22,2682,93,74900214,2599799,55,2
50,12,464,52,50,2700,94,75402900,2631312,55,2
50,12,464,52,51,2722,92,76017294,2597106,55,2
50,12,464,52,83,2743,92,76603761,2573186,55,2
50,12,464,52,15,2768,93,77301936,2619871,55,1
